{
  "mse_mean": 0.14729035552591085,
  "mse_std": 0.12238963776833103,
  "r2_mean": 0.0003264486789703369,
  "r2_std": 0.005960745862902239,
  "nll_mean": -0.7604557633399963,
  "nll_std": 1.509030080860673,
  "n_samples": 10
}